symbol,name,sector_code,sub_industry_code,exchange_code,asset_type,country_code,data_source, note_1
A,Agilent Technologies Inc,35,SUB_INDUSTRY_CODE_XXX,NYSE,STOCK,US,YFINANCE,SP500
AAL,American Airlines Group Inc,SECTOR_CODE_XXX,SUB_INDUSTRY_CODE_XXX,NASDAQ,STOCK,US,YFINANCE,SP500
AAP,Advance Auto Parts Inc,SECTOR_CODE_XXX,SUB_INDUSTRY_CODE_XXX,NYSE,STOCK,US,YFINANCE,SP500
AAPL,Apple Inc,45,SUB_INDUSTRY_CODE_XXX,NASDAQ,STOCK,US,YFINANCE,SP500
ABBV,Abbvie Inc,35,SUB_INDUSTRY_CODE_XXX,NYSE,STOCK,US,YFINANCE,SP500
ABT,Abbott Laboratories,35,SUB_INDUSTRY_CODE_XXX,NYSE,STOCK,US,YFINANCE,SP500
ACGL,Arch Capital Group Ltd,40,SUB_INDUSTRY_CODE_XXX,NASDAQ,STOCK,US,YFINANCE,SP500
ACN,Accenture plc - Class A,45,SUB_INDUSTRY_CODE_XXX,NYSE,STOCK,US,YFINANCE,SP500
ADBE,Adobe Inc,45,SUB_INDUSTRY_CODE_XXX,NASDAQ,STOCK,US,YFINANCE,SP500
ADI,Analog Devices Inc,45,SUB_INDUSTRY_CODE_XXX,NASDAQ,STOCK,US,YFINANCE,SP500
ADM,Archer Daniels Midland Company,30,SUB_INDUSTRY_CODE_XXX,NYSE,STOCK,US,YFINANCE,SP500
ADP,Automatic Data Processing Inc,20,SUB_INDUSTRY_CODE_XXX,NASDAQ,STOCK,US,YFINANCE,SP500
ADSK,Autodesk Inc,45,SUB_INDUSTRY_CODE_XXX,NASDAQ,STOCK,US,YFINANCE,SP500
AEE,Ameren Corp,55,SUB_INDUSTRY_CODE_XXX,NYSE,STOCK,US,YFINANCE,SP500
AEP,American Electric Power Company Inc,55,SUB_INDUSTRY_CODE_XXX,NASDAQ,STOCK,US,YFINANCE,SP500
AES,AES Corp,55,SUB_INDUSTRY_CODE_XXX,NYSE,STOCK,US,YFINANCE,SP500
AFL,Aflac Inc,40,SUB_INDUSTRY_CODE_XXX,NYSE,STOCK,US,YFINANCE,SP500
AIG,American International Group Inc,40,SUB_INDUSTRY_CODE_XXX,NYSE,STOCK,US,YFINANCE,SP500
AIZ,Assurant Inc,40,SUB_INDUSTRY_CODE_XXX,NYSE,STOCK,US,YFINANCE,SP500
AJG,Arthur J. Gallagher & Company,40,SUB_INDUSTRY_CODE_XXX,NYSE,STOCK,US,YFINANCE,SP500
AKAM,Akamai Technologies Inc,45,SUB_INDUSTRY_CODE_XXX,NASDAQ,STOCK,US,YFINANCE,SP500
ALB,Albemarle Corp,15,SUB_INDUSTRY_CODE_XXX,NYSE,STOCK,US,YFINANCE,SP500
ALGN,Align Technology Inc,35,SUB_INDUSTRY_CODE_XXX,NASDAQ,STOCK,US,YFINANCE,SP500
ALK,Alaska Air Group Inc,SECTOR_CODE_XXX,SUB_INDUSTRY_CODE_XXX,NYSE,STOCK,US,YFINANCE,SP500
ALL,Allstate Corp (The),40,SUB_INDUSTRY_CODE_XXX,NYSE,STOCK,US,YFINANCE,SP500
ALLE,Allegion plc,20,SUB_INDUSTRY_CODE_XXX,NYSE,STOCK,US,YFINANCE,SP500
AMAT,Applied Materials Inc,45,SUB_INDUSTRY_CODE_XXX,NASDAQ,STOCK,US,YFINANCE,SP500
AMCR,Amcor Plc,15,SUB_INDUSTRY_CODE_XXX,NYSE,STOCK,US,YFINANCE,SP500
AMD,Advanced Micro Devices Inc,45,SUB_INDUSTRY_CODE_XXX,NASDAQ,STOCK,US,YFINANCE,SP500
AME,Ametek Inc,20,SUB_INDUSTRY_CODE_XXX,NYSE,STOCK,US,YFINANCE,SP500
AMGN,AMGEN Inc,35,SUB_INDUSTRY_CODE_XXX,NASDAQ,STOCK,US,YFINANCE,SP500
AMP,Ameriprise Financial Inc,40,SUB_INDUSTRY_CODE_XXX,NYSE,STOCK,US,YFINANCE,SP500
AMT,American Tower Corp,60,SUB_INDUSTRY_CODE_XXX,NYSE,STOCK,US,YFINANCE,SP500
AMZN,Amazon.com Inc,25,SUB_INDUSTRY_CODE_XXX,NASDAQ,STOCK,US,YFINANCE,SP500
ANET,Arista Networks Inc,45,SUB_INDUSTRY_CODE_XXX,NYSE,STOCK,US,YFINANCE,SP500
ANSS,Ansys Inc,45,SUB_INDUSTRY_CODE_XXX,NASDAQ,STOCK,US,YFINANCE,SP500
AON,Aon plc. - Class A,40,SUB_INDUSTRY_CODE_XXX,NYSE,STOCK,US,YFINANCE,SP500
AOS,A.O. Smith Corp,20,SUB_INDUSTRY_CODE_XXX,NYSE,STOCK,US,YFINANCE,SP500
APA,APA Corporation,10,SUB_INDUSTRY_CODE_XXX,NASDAQ,STOCK,US,YFINANCE,SP500
APD,Air Products & Chemicals Inc,15,SUB_INDUSTRY_CODE_XXX,NYSE,STOCK,US,YFINANCE,SP500
APH,Amphenol Corp - Class A,45,SUB_INDUSTRY_CODE_XXX,NYSE,STOCK,US,YFINANCE,SP500
APTV,Aptiv PLC,25,SUB_INDUSTRY_CODE_XXX,NYSE,STOCK,US,YFINANCE,SP500
ARE,Alexandria Real Estate Equities Inc,60,SUB_INDUSTRY_CODE_XXX,NYSE,STOCK,US,YFINANCE,SP500
ATO,Atmos Energy Corp,55,SUB_INDUSTRY_CODE_XXX,NYSE,STOCK,US,YFINANCE,SP500
AVB,Avalonbay Communities Inc,60,SUB_INDUSTRY_CODE_XXX,NYSE,STOCK,US,YFINANCE,SP500
AVGO,Broadcom Inc,45,SUB_INDUSTRY_CODE_XXX,NASDAQ,STOCK,US,YFINANCE,SP500
AVY,Avery Dennison Corp,15,SUB_INDUSTRY_CODE_XXX,NYSE,STOCK,US,YFINANCE,SP500
AWK,American Water Works Co. Inc,55,SUB_INDUSTRY_CODE_XXX,NYSE,STOCK,US,YFINANCE,SP500
AXON,Axon Enterprise Inc,20,SUB_INDUSTRY_CODE_XXX,NASDAQ,STOCK,US,YFINANCE,SP500
AXP,American Express Company,40,SUB_INDUSTRY_CODE_XXX,NYSE,STOCK,US,YFINANCE,SP500
AZO,Autozone Inc,25,SUB_INDUSTRY_CODE_XXX,NYSE,STOCK,US,YFINANCE,SP500
BA,Boeing Company,20,SUB_INDUSTRY_CODE_XXX,NYSE,STOCK,US,YFINANCE,SP500
BAC,Bank Of America Corp,40,SUB_INDUSTRY_CODE_XXX,NYSE,STOCK,US,YFINANCE,SP500
BALL,Ball Corp,15,SUB_INDUSTRY_CODE_XXX,NYSE,STOCK,US,YFINANCE,SP500
BAX,Baxter International Inc,35,SUB_INDUSTRY_CODE_XXX,NYSE,STOCK,US,YFINANCE,SP500
BBWI,Bath & Body Works Inc,SECTOR_CODE_XXX,SUB_INDUSTRY_CODE_XXX,NYSE,STOCK,US,YFINANCE,SP500
BBY,Best Buy Co. Inc,25,SUB_INDUSTRY_CODE_XXX,NYSE,STOCK,US,YFINANCE,SP500
BDX,Becton Dickinson & Company,35,SUB_INDUSTRY_CODE_XXX,NYSE,STOCK,US,YFINANCE,SP500
BEN,Franklin Resources Inc,40,SUB_INDUSTRY_CODE_XXX,NYSE,STOCK,US,YFINANCE,SP500
BF-B,Brown-Forman Corp - Class B,SECTOR_CODE_XXX,SUB_INDUSTRY_CODE_XXX,NYSE,STOCK,US,YFINANCE,SP500
BFEB,Innovator U.S. Equity Buffer ETF - February,SECTOR_CODE_XXX,SUB_INDUSTRY_CODE_XXX,BATS,ETF,US,YFINANCE,SP500
BG,Bunge Global SA,30,SUB_INDUSTRY_CODE_XXX,NYSE,STOCK,US,YFINANCE,SP500
BIIB,Biogen Inc,35,SUB_INDUSTRY_CODE_XXX,NASDAQ,STOCK,US,YFINANCE,SP500
BIO,Bio-Rad Laboratories Inc - Class A,SECTOR_CODE_XXX,SUB_INDUSTRY_CODE_XXX,NYSE,STOCK,US,YFINANCE,SP500
BK,Bank Of New York Mellon Corp,40,SUB_INDUSTRY_CODE_XXX,NYSE,STOCK,US,YFINANCE,SP500
BKNG,Booking Holdings Inc,25,SUB_INDUSTRY_CODE_XXX,NASDAQ,STOCK,US,YFINANCE,SP500
BKR,Baker Hughes Co - Class A,10,SUB_INDUSTRY_CODE_XXX,NASDAQ,STOCK,US,YFINANCE,SP500
BLK,Blackrock Inc,40,SUB_INDUSTRY_CODE_XXX,NYSE,STOCK,US,YFINANCE,SP500
BMY,Bristol-Myers Squibb Company,35,SUB_INDUSTRY_CODE_XXX,NYSE,STOCK,US,YFINANCE,SP500
BR,Broadridge Financial Solutions Inc,20,SUB_INDUSTRY_CODE_XXX,NYSE,STOCK,US,YFINANCE,SP500
BRK-B,Berkshire Hathaway Inc - Class B,SECTOR_CODE_XXX,SUB_INDUSTRY_CODE_XXX,NYSE,STOCK,US,YFINANCE,SP500
BRO,Brown & Brown Inc,40,SUB_INDUSTRY_CODE_XXX,NYSE,STOCK,US,YFINANCE,SP500
BSX,Boston Scientific Corp,35,SUB_INDUSTRY_CODE_XXX,NYSE,STOCK,US,YFINANCE,SP500
BWA,BorgWarner Inc,25,SUB_INDUSTRY_CODE_XXX,NYSE,STOCK,US,YFINANCE,SP500
BXP,Boston Properties Inc,60,SUB_INDUSTRY_CODE_XXX,NYSE,STOCK,US,YFINANCE,SP500
C,Citigroup Inc,40,SUB_INDUSTRY_CODE_XXX,NYSE,STOCK,US,YFINANCE,SP500
CAG,Conagra Brands Inc,30,SUB_INDUSTRY_CODE_XXX,NYSE,STOCK,US,YFINANCE,SP500
CAH,Cardinal Health Inc,35,SUB_INDUSTRY_CODE_XXX,NYSE,STOCK,US,YFINANCE,SP500
CARR,Carrier Global Corp,20,SUB_INDUSTRY_CODE_XXX,NYSE,STOCK,US,YFINANCE,SP500
CAT,Caterpillar Inc,20,SUB_INDUSTRY_CODE_XXX,NYSE,STOCK,US,YFINANCE,SP500
CB,Chubb Ltd,40,SUB_INDUSTRY_CODE_XXX,NYSE,STOCK,US,YFINANCE,SP500
CBOE,Cboe Global Markets Inc,40,SUB_INDUSTRY_CODE_XXX,BATS,STOCK,US,YFINANCE,SP500
CBRE,CBRE Group Inc - Class A,60,SUB_INDUSTRY_CODE_XXX,NYSE,STOCK,US,YFINANCE,SP500
CCI,Crown Castle Inc,60,SUB_INDUSTRY_CODE_XXX,NYSE,STOCK,US,YFINANCE,SP500
CCL,Carnival Corp (Paired Stock),25,SUB_INDUSTRY_CODE_XXX,NYSE,STOCK,US,YFINANCE,SP500
CDAY,Ceridian HCM Holding Inc,SECTOR_CODE_XXX,SUB_INDUSTRY_CODE_XXX,NYSE,STOCK,US,YFINANCE,SP500
CDNS,Cadence Design Systems Inc,45,SUB_INDUSTRY_CODE_XXX,NASDAQ,STOCK,US,YFINANCE,SP500
CDW,CDW Corp,45,SUB_INDUSTRY_CODE_XXX,NASDAQ,STOCK,US,YFINANCE,SP500
CE,Celanese Corp - Series A,15,SUB_INDUSTRY_CODE_XXX,NYSE,STOCK,US,YFINANCE,SP500
CEG,Constellation Energy Corporation,55,SUB_INDUSTRY_CODE_XXX,NASDAQ,STOCK,US,YFINANCE,SP500
CF,CF Industries Holdings Inc,15,SUB_INDUSTRY_CODE_XXX,NYSE,STOCK,US,YFINANCE,SP500
CFG,Citizens Financial Group Inc,40,SUB_INDUSTRY_CODE_XXX,NYSE,STOCK,US,YFINANCE,SP500
CHD,Church & Dwight Co. Inc,30,SUB_INDUSTRY_CODE_XXX,NYSE,STOCK,US,YFINANCE,SP500
CHRW,C.H. Robinson Worldwide Inc,20,SUB_INDUSTRY_CODE_XXX,NASDAQ,STOCK,US,YFINANCE,SP500
CHTR,Charter Communications Inc - Class A,SECTOR_CODE_XXX,SUB_INDUSTRY_CODE_XXX,NASDAQ,STOCK,US,YFINANCE,SP500
CI,Cigna Group (The),35,SUB_INDUSTRY_CODE_XXX,NYSE,STOCK,US,YFINANCE,SP500
CINF,Cincinnati Financial Corp,40,SUB_INDUSTRY_CODE_XXX,NASDAQ,STOCK,US,YFINANCE,SP500
CL,Colgate-Palmolive Company,30,SUB_INDUSTRY_CODE_XXX,NYSE,STOCK,US,YFINANCE,SP500
CLX,Clorox Company,30,SUB_INDUSTRY_CODE_XXX,NYSE,STOCK,US,YFINANCE,SP500
CMA,Comerica Inc,SECTOR_CODE_XXX,SUB_INDUSTRY_CODE_XXX,NYSE,STOCK,US,YFINANCE,SP500
CMCSA,Comcast Corp - Class A,SECTOR_CODE_XXX,SUB_INDUSTRY_CODE_XXX,NASDAQ,STOCK,US,YFINANCE,SP500
CME,CME Group Inc - Class A,40,SUB_INDUSTRY_CODE_XXX,NASDAQ,STOCK,US,YFINANCE,SP500
CMG,Chipotle Mexican Grill,25,SUB_INDUSTRY_CODE_XXX,NYSE,STOCK,US,YFINANCE,SP500
CMI,Cummins Inc,20,SUB_INDUSTRY_CODE_XXX,NYSE,STOCK,US,YFINANCE,SP500
CMS,CMS Energy Corporation,55,SUB_INDUSTRY_CODE_XXX,NYSE,STOCK,US,YFINANCE,SP500
CNC,Centene Corp,35,SUB_INDUSTRY_CODE_XXX,NYSE,STOCK,US,YFINANCE,SP500
CNP,Centerpoint Energy Inc,55,SUB_INDUSTRY_CODE_XXX,NYSE,STOCK,US,YFINANCE,SP500
COF,Capital One Financial Corp,40,SUB_INDUSTRY_CODE_XXX,NYSE,STOCK,US,YFINANCE,SP500
COO,Cooper Companies Inc,35,SUB_INDUSTRY_CODE_XXX,NASDAQ,STOCK,US,YFINANCE,SP500
COP,Conoco Phillips,10,SUB_INDUSTRY_CODE_XXX,NYSE,STOCK,US,YFINANCE,SP500
COST,Costco Wholesale Corp,30,SUB_INDUSTRY_CODE_XXX,NASDAQ,STOCK,US,YFINANCE,SP500
CPB,Campbell Soup Company,30,SUB_INDUSTRY_CODE_XXX,NYSE,STOCK,US,YFINANCE,SP500
CPRT,Copart Inc,20,SUB_INDUSTRY_CODE_XXX,NASDAQ,STOCK,US,YFINANCE,SP500
CPT,Camden Property Trust,60,SUB_INDUSTRY_CODE_XXX,NYSE,STOCK,US,YFINANCE,SP500
CRL,Charles River Laboratories International Inc,35,SUB_INDUSTRY_CODE_XXX,NYSE,STOCK,US,YFINANCE,SP500
CRM,Salesforce Inc,45,SUB_INDUSTRY_CODE_XXX,NYSE,STOCK,US,YFINANCE,SP500
CSCO,Cisco Systems Inc,45,SUB_INDUSTRY_CODE_XXX,NASDAQ,STOCK,US,YFINANCE,SP500
CSGP,Costar Group Inc,60,SUB_INDUSTRY_CODE_XXX,NASDAQ,STOCK,US,YFINANCE,SP500
CSX,CSX Corp,20,SUB_INDUSTRY_CODE_XXX,NASDAQ,STOCK,US,YFINANCE,SP500
CTAS,Cintas Corporation,20,SUB_INDUSTRY_CODE_XXX,NASDAQ,STOCK,US,YFINANCE,SP500
CTLT,Catalent Inc,SECTOR_CODE_XXX,SUB_INDUSTRY_CODE_XXX,NYSE,STOCK,US,YFINANCE,SP500
CTRA,Coterra Energy Inc,10,SUB_INDUSTRY_CODE_XXX,NYSE,STOCK,US,YFINANCE,SP500
CTSH,Cognizant Technology Solutions Corp - Class A,45,SUB_INDUSTRY_CODE_XXX,NASDAQ,STOCK,US,YFINANCE,SP500
CTVA,Corteva Inc,15,SUB_INDUSTRY_CODE_XXX,NYSE,STOCK,US,YFINANCE,SP500
CVS,CVS Health Corp,35,SUB_INDUSTRY_CODE_XXX,NYSE,STOCK,US,YFINANCE,SP500
CVX,Chevron Corp,10,SUB_INDUSTRY_CODE_XXX,NYSE,STOCK,US,YFINANCE,SP500
CZR,Caesars Entertainment Inc,25,SUB_INDUSTRY_CODE_XXX,NASDAQ,STOCK,US,YFINANCE,SP500
D,Dominion Energy Inc,55,SUB_INDUSTRY_CODE_XXX,NYSE,STOCK,US,YFINANCE,SP500
DAL,Delta Air Lines Inc,20,SUB_INDUSTRY_CODE_XXX,NYSE,STOCK,US,YFINANCE,SP500
DD,DuPont de Nemours Inc,15,SUB_INDUSTRY_CODE_XXX,NYSE,STOCK,US,YFINANCE,SP500
DE,Deere & Company,20,SUB_INDUSTRY_CODE_XXX,NYSE,STOCK,US,YFINANCE,SP500
DFS,Discover Financial Services,40,SUB_INDUSTRY_CODE_XXX,NYSE,STOCK,US,YFINANCE,SP500
DG,Dollar General Corp,30,SUB_INDUSTRY_CODE_XXX,NYSE,STOCK,US,YFINANCE,SP500
DGX,Quest Diagnostics Inc,35,SUB_INDUSTRY_CODE_XXX,NYSE,STOCK,US,YFINANCE,SP500
DHI,D.R. Horton Inc,25,SUB_INDUSTRY_CODE_XXX,NYSE,STOCK,US,YFINANCE,SP500
DHR,Danaher Corp,35,SUB_INDUSTRY_CODE_XXX,NYSE,STOCK,US,YFINANCE,SP500
DIS,Walt Disney Co (The),SECTOR_CODE_XXX,SUB_INDUSTRY_CODE_XXX,NYSE,STOCK,US,YFINANCE,SP500
DISH,Dish Network Corp - Class A,,SUB_INDUSTRY_CODE_XXX,NASDAQ,STOCK,US,YFINANCE,SP500
DLR,Digital Realty Trust Inc,60,SUB_INDUSTRY_CODE_XXX,NYSE,STOCK,US,YFINANCE,SP500
DLTR,Dollar Tree Inc,30,SUB_INDUSTRY_CODE_XXX,NASDAQ,STOCK,US,YFINANCE,SP500
DOV,Dover Corp,20,SUB_INDUSTRY_CODE_XXX,NYSE,STOCK,US,YFINANCE,SP500
DOW,Dow Inc,15,SUB_INDUSTRY_CODE_XXX,NYSE,STOCK,US,YFINANCE,SP500
DPZ,Dominos Pizza Inc,25,SUB_INDUSTRY_CODE_XXX,NYSE,STOCK,US,YFINANCE,SP500
DRI,Darden Restaurants Inc,25,SUB_INDUSTRY_CODE_XXX,NYSE,STOCK,US,YFINANCE,SP500
DTE,DTE Energy Company,55,SUB_INDUSTRY_CODE_XXX,NYSE,STOCK,US,YFINANCE,SP500
DUK,Duke Energy Corp,55,SUB_INDUSTRY_CODE_XXX,NYSE,STOCK,US,YFINANCE,SP500
DVA,DaVita Inc,35,SUB_INDUSTRY_CODE_XXX,NYSE,STOCK,US,YFINANCE,SP500
DVN,Devon Energy Corp,10,SUB_INDUSTRY_CODE_XXX,NYSE,STOCK,US,YFINANCE,SP500
DXC,DXC Technology Company,SECTOR_CODE_XXX,SUB_INDUSTRY_CODE_XXX,NYSE,STOCK,US,YFINANCE,SP500
DXCM,Dexcom Inc,35,SUB_INDUSTRY_CODE_XXX,NASDAQ,STOCK,US,YFINANCE,SP500
EA,Electronic Arts Inc,SECTOR_CODE_XXX,SUB_INDUSTRY_CODE_XXX,NASDAQ,STOCK,US,YFINANCE,SP500
EBAY,EBay Inc,25,SUB_INDUSTRY_CODE_XXX,NASDAQ,STOCK,US,YFINANCE,SP500
ECL,Ecolab Inc,15,SUB_INDUSTRY_CODE_XXX,NYSE,STOCK,US,YFINANCE,SP500
ED,Consolidated Edison Inc,55,SUB_INDUSTRY_CODE_XXX,NYSE,STOCK,US,YFINANCE,SP500
EFX,Equifax Inc,20,SUB_INDUSTRY_CODE_XXX,NYSE,STOCK,US,YFINANCE,SP500
EIX,Edison International,55,SUB_INDUSTRY_CODE_XXX,NYSE,STOCK,US,YFINANCE,SP500
EL,Estee Lauder Cos. Inc - Class A,30,SUB_INDUSTRY_CODE_XXX,NYSE,STOCK,US,YFINANCE,SP500
ELV,Elevance Health Inc,35,SUB_INDUSTRY_CODE_XXX,NYSE,STOCK,US,YFINANCE,SP500
EMN,Eastman Chemical Company,15,SUB_INDUSTRY_CODE_XXX,NYSE,STOCK,US,YFINANCE,SP500
EMR,Emerson Electric Company,20,SUB_INDUSTRY_CODE_XXX,NYSE,STOCK,US,YFINANCE,SP500
ENPH,Enphase Energy Inc,45,SUB_INDUSTRY_CODE_XXX,NASDAQ,STOCK,US,YFINANCE,SP500
EOG,EOG Resources Inc,10,SUB_INDUSTRY_CODE_XXX,NYSE,STOCK,US,YFINANCE,SP500
EPAM,EPAM Systems Inc,45,SUB_INDUSTRY_CODE_XXX,NYSE,STOCK,US,YFINANCE,SP500
EQIX,Equinix Inc,60,SUB_INDUSTRY_CODE_XXX,NASDAQ,STOCK,US,YFINANCE,SP500
EQR,Equity Residential Properties Trust,60,SUB_INDUSTRY_CODE_XXX,NYSE,STOCK,US,YFINANCE,SP500
EQT,EQT Corp,10,SUB_INDUSTRY_CODE_XXX,NYSE,STOCK,US,YFINANCE,SP500
ES,Eversource Energy,55,SUB_INDUSTRY_CODE_XXX,NYSE,STOCK,US,YFINANCE,SP500
ESS,Essex Property Trust Inc,60,SUB_INDUSTRY_CODE_XXX,NYSE,STOCK,US,YFINANCE,SP500
ETN,Eaton Corporation plc,20,SUB_INDUSTRY_CODE_XXX,NYSE,STOCK,US,YFINANCE,SP500
ETR,Entergy Corp,55,SUB_INDUSTRY_CODE_XXX,NYSE,STOCK,US,YFINANCE,SP500
ETSY,Etsy Inc,SECTOR_CODE_XXX,SUB_INDUSTRY_CODE_XXX,NASDAQ,STOCK,US,YFINANCE,SP500
EVRG,Evergy Inc,55,SUB_INDUSTRY_CODE_XXX,NASDAQ,STOCK,US,YFINANCE,SP500
EW,Edwards Lifesciences Corp,35,SUB_INDUSTRY_CODE_XXX,NYSE,STOCK,US,YFINANCE,SP500
EXC,Exelon Corp,55,SUB_INDUSTRY_CODE_XXX,NASDAQ,STOCK,US,YFINANCE,SP500
EXPD,Expeditors International Of Washington Inc,20,SUB_INDUSTRY_CODE_XXX,NASDAQ,STOCK,US,YFINANCE,SP500
EXPE,Expedia Group Inc,25,SUB_INDUSTRY_CODE_XXX,NASDAQ,STOCK,US,YFINANCE,SP500
EXR,Extra Space Storage Inc,60,SUB_INDUSTRY_CODE_XXX,NYSE,STOCK,US,YFINANCE,SP500
F,Ford Motor Company,25,SUB_INDUSTRY_CODE_XXX,NYSE,STOCK,US,YFINANCE,SP500
FANG,Diamondback Energy Inc,10,SUB_INDUSTRY_CODE_XXX,NASDAQ,STOCK,US,YFINANCE,SP500
FAST,Fastenal Company,20,SUB_INDUSTRY_CODE_XXX,NASDAQ,STOCK,US,YFINANCE,SP500
FCX,Freeport-McMoRan Inc,15,SUB_INDUSTRY_CODE_XXX,NYSE,STOCK,US,YFINANCE,SP500
FDS,Factset Research Systems Inc,40,SUB_INDUSTRY_CODE_XXX,NYSE,STOCK,US,YFINANCE,SP500
FDX,Fedex Corp,20,SUB_INDUSTRY_CODE_XXX,NYSE,STOCK,US,YFINANCE,SP500
FE,Firstenergy Corp,55,SUB_INDUSTRY_CODE_XXX,NYSE,STOCK,US,YFINANCE,SP500
FFIV,F5 Inc,45,SUB_INDUSTRY_CODE_XXX,NASDAQ,STOCK,US,YFINANCE,SP500
FI,Fiserv Inc,40,SUB_INDUSTRY_CODE_XXX,NYSE,STOCK,US,YFINANCE,SP500
FICO,Fair Isaac Corp,45,SUB_INDUSTRY_CODE_XXX,NYSE,STOCK,US,YFINANCE,SP500
FIS,Fidelity National Information Services Inc,40,SUB_INDUSTRY_CODE_XXX,NYSE,STOCK,US,YFINANCE,SP500
FITB,Fifth Third Bancorp,40,SUB_INDUSTRY_CODE_XXX,NASDAQ,STOCK,US,YFINANCE,SP500
FLT,Fleetcor Technologies Inc,SECTOR_CODE_XXX,SUB_INDUSTRY_CODE_XXX,NYSE,STOCK,US,YFINANCE,SP500
FMC,FMC Corp,15,SUB_INDUSTRY_CODE_XXX,NYSE,STOCK,US,YFINANCE,SP500
FOX,Fox Corporation - Class B,SECTOR_CODE_XXX,SUB_INDUSTRY_CODE_XXX,NASDAQ,STOCK,US,YFINANCE,SP500
FOXA,Fox Corporation - Class A,,SUB_INDUSTRY_CODE_XXX,NASDAQ,STOCK,US,YFINANCE,SP500
FRT,Federal Realty Investment Trust.,60,SUB_INDUSTRY_CODE_XXX,NYSE,STOCK,US,YFINANCE,SP500
FSLR,First Solar Inc,45,SUB_INDUSTRY_CODE_XXX,NASDAQ,STOCK,US,YFINANCE,SP500
FTNT,Fortinet Inc,45,SUB_INDUSTRY_CODE_XXX,NASDAQ,STOCK,US,YFINANCE,SP500
FTV,Fortive Corp,20,SUB_INDUSTRY_CODE_XXX,NYSE,STOCK,US,YFINANCE,SP500
GD,General Dynamics Corp,20,SUB_INDUSTRY_CODE_XXX,NYSE,STOCK,US,YFINANCE,SP500
GE,General Electric Company,20,SUB_INDUSTRY_CODE_XXX,NYSE,STOCK,US,YFINANCE,SP500
GEHC,GE HealthCare Technologies Inc,35,SUB_INDUSTRY_CODE_XXX,NASDAQ,STOCK,US,YFINANCE,SP500
GEN,Gen Digital Inc,45,SUB_INDUSTRY_CODE_XXX,NASDAQ,STOCK,US,YFINANCE,SP500
GILD,Gilead Sciences Inc,35,SUB_INDUSTRY_CODE_XXX,NASDAQ,STOCK,US,YFINANCE,SP500
GIS,General Mills Inc,30,SUB_INDUSTRY_CODE_XXX,NYSE,STOCK,US,YFINANCE,SP500
GL,Globe Life Inc,40,SUB_INDUSTRY_CODE_XXX,NYSE,STOCK,US,YFINANCE,SP500
GLW,Corning Inc,45,SUB_INDUSTRY_CODE_XXX,NYSE,STOCK,US,YFINANCE,SP500
GM,General Motors Company,25,SUB_INDUSTRY_CODE_XXX,NYSE,STOCK,US,YFINANCE,SP500
GNRC,Generac Holdings Inc,20,SUB_INDUSTRY_CODE_XXX,NYSE,STOCK,US,YFINANCE,SP500
GOOG,Alphabet Inc - Class C,SECTOR_CODE_XXX,SUB_INDUSTRY_CODE_XXX,NASDAQ,STOCK,US,YFINANCE,SP500
GOOGL,Alphabet Inc - Class A,,SUB_INDUSTRY_CODE_XXX,NASDAQ,STOCK,US,YFINANCE,SP500
GPC,Genuine Parts Company,25,SUB_INDUSTRY_CODE_XXX,NYSE,STOCK,US,YFINANCE,SP500
GPN,Global Payments Inc,40,SUB_INDUSTRY_CODE_XXX,NYSE,STOCK,US,YFINANCE,SP500
GRMN,Garmin Ltd,25,SUB_INDUSTRY_CODE_XXX,NYSE,STOCK,US,YFINANCE,SP500
GS,Goldman Sachs Group Inc,40,SUB_INDUSTRY_CODE_XXX,NYSE,STOCK,US,YFINANCE,SP500
GWW,W.W. Grainger Inc,20,SUB_INDUSTRY_CODE_XXX,NYSE,STOCK,US,YFINANCE,SP500
HAL,Halliburton Company,10,SUB_INDUSTRY_CODE_XXX,NYSE,STOCK,US,YFINANCE,SP500
HAS,Hasbro Inc,25,SUB_INDUSTRY_CODE_XXX,NASDAQ,STOCK,US,YFINANCE,SP500
HBAN,Huntington Bancshares Inc,40,SUB_INDUSTRY_CODE_XXX,NASDAQ,STOCK,US,YFINANCE,SP500
HCA,HCA Healthcare Inc,35,SUB_INDUSTRY_CODE_XXX,NYSE,STOCK,US,YFINANCE,SP500
HD,Home Depot Inc,25,SUB_INDUSTRY_CODE_XXX,NYSE,STOCK,US,YFINANCE,SP500
HES,Hess Corporation,10,SUB_INDUSTRY_CODE_XXX,NYSE,STOCK,US,YFINANCE,SP500
HIG,Hartford Financial Services Group Inc,40,SUB_INDUSTRY_CODE_XXX,NYSE,STOCK,US,YFINANCE,SP500
HII,Huntington Ingalls Industries Inc,20,SUB_INDUSTRY_CODE_XXX,NYSE,STOCK,US,YFINANCE,SP500
HLT,Hilton Worldwide Holdings Inc,25,SUB_INDUSTRY_CODE_XXX,NYSE,STOCK,US,YFINANCE,SP500
HOLX,Hologic Inc,35,SUB_INDUSTRY_CODE_XXX,NASDAQ,STOCK,US,YFINANCE,SP500
HON,Honeywell International Inc,20,SUB_INDUSTRY_CODE_XXX,NASDAQ,STOCK,US,YFINANCE,SP500
HPE,Hewlett Packard Enterprise Company,45,SUB_INDUSTRY_CODE_XXX,NYSE,STOCK,US,YFINANCE,SP500
HPQ,HP Inc,45,SUB_INDUSTRY_CODE_XXX,NYSE,STOCK,US,YFINANCE,SP500
HRL,Hormel Foods Corp,30,SUB_INDUSTRY_CODE_XXX,NYSE,STOCK,US,YFINANCE,SP500
HSIC,Henry Schein Inc,35,SUB_INDUSTRY_CODE_XXX,NASDAQ,STOCK,US,YFINANCE,SP500
HST,Host Hotels & Resorts Inc,60,SUB_INDUSTRY_CODE_XXX,NASDAQ,STOCK,US,YFINANCE,SP500
HSY,Hershey Company,30,SUB_INDUSTRY_CODE_XXX,NYSE,STOCK,US,YFINANCE,SP500
HUM,Humana Inc,35,SUB_INDUSTRY_CODE_XXX,NYSE,STOCK,US,YFINANCE,SP500
HWM,Howmet Aerospace Inc,20,SUB_INDUSTRY_CODE_XXX,NYSE,STOCK,US,YFINANCE,SP500
IBM,International Business Machines Corp,45,SUB_INDUSTRY_CODE_XXX,NYSE,STOCK,US,YFINANCE,SP500
ICE,Intercontinental Exchange Inc,40,SUB_INDUSTRY_CODE_XXX,NYSE,STOCK,US,YFINANCE,SP500
IDXX,Idexx Laboratories Inc,35,SUB_INDUSTRY_CODE_XXX,NASDAQ,STOCK,US,YFINANCE,SP500
IEX,Idex Corporation,20,SUB_INDUSTRY_CODE_XXX,NYSE,STOCK,US,YFINANCE,SP500
IFF,International Flavors & Fragrances Inc,15,SUB_INDUSTRY_CODE_XXX,NYSE,STOCK,US,YFINANCE,SP500
ILMN,Illumina Inc,SECTOR_CODE_XXX,SUB_INDUSTRY_CODE_XXX,NASDAQ,STOCK,US,YFINANCE,SP500
INCY,Incyte Corp,35,SUB_INDUSTRY_CODE_XXX,NASDAQ,STOCK,US,YFINANCE,SP500
INTC,Intel Corp,45,SUB_INDUSTRY_CODE_XXX,NASDAQ,STOCK,US,YFINANCE,SP500
INTU,Intuit Inc,45,SUB_INDUSTRY_CODE_XXX,NASDAQ,STOCK,US,YFINANCE,SP500
INVH,Invitation Homes Inc,60,SUB_INDUSTRY_CODE_XXX,NYSE,STOCK,US,YFINANCE,SP500
IP,International Paper Company,15,SUB_INDUSTRY_CODE_XXX,NYSE,STOCK,US,YFINANCE,SP500
IPG,Interpublic Group Of Cos. Inc,SECTOR_CODE_XXX,SUB_INDUSTRY_CODE_XXX,NYSE,STOCK,US,YFINANCE,SP500
IQV,IQVIA Holdings Inc,35,SUB_INDUSTRY_CODE_XXX,NYSE,STOCK,US,YFINANCE,SP500
IR,Ingersoll-Rand Inc,20,SUB_INDUSTRY_CODE_XXX,NYSE,STOCK,US,YFINANCE,SP500
IRM,Iron Mountain Inc,60,SUB_INDUSTRY_CODE_XXX,NYSE,STOCK,US,YFINANCE,SP500
ISRG,Intuitive Surgical Inc,35,SUB_INDUSTRY_CODE_XXX,NASDAQ,STOCK,US,YFINANCE,SP500
IT,Gartner Inc,45,SUB_INDUSTRY_CODE_XXX,NYSE,STOCK,US,YFINANCE,SP500
ITW,Illinois Tool Works Inc,20,SUB_INDUSTRY_CODE_XXX,NYSE,STOCK,US,YFINANCE,SP500
IVZ,Invesco Ltd,40,SUB_INDUSTRY_CODE_XXX,NYSE,STOCK,US,YFINANCE,SP500
J,Jacobs Solutions Inc,20,SUB_INDUSTRY_CODE_XXX,NYSE,STOCK,US,YFINANCE,SP500
JBHT,J.B. Hunt Transport Services Inc,20,SUB_INDUSTRY_CODE_XXX,NASDAQ,STOCK,US,YFINANCE,SP500
JCI,Johnson Controls International plc,20,SUB_INDUSTRY_CODE_XXX,NYSE,STOCK,US,YFINANCE,SP500
JKHY,Jack Henry & Associates Inc,40,SUB_INDUSTRY_CODE_XXX,NASDAQ,STOCK,US,YFINANCE,SP500
JNJ,Johnson & Johnson,35,SUB_INDUSTRY_CODE_XXX,NYSE,STOCK,US,YFINANCE,SP500
JNPR,Juniper Networks Inc,45,SUB_INDUSTRY_CODE_XXX,NYSE,STOCK,US,YFINANCE,SP500
JPM,JPMorgan Chase & Company,40,SUB_INDUSTRY_CODE_XXX,NYSE,STOCK,US,YFINANCE,SP500
K,Kellanova Company,30,SUB_INDUSTRY_CODE_XXX,NYSE,STOCK,US,YFINANCE,SP500
KDP,Keurig Dr Pepper Inc,30,SUB_INDUSTRY_CODE_XXX,NASDAQ,STOCK,US,YFINANCE,SP500
KEY,Keycorp,40,SUB_INDUSTRY_CODE_XXX,NYSE,STOCK,US,YFINANCE,SP500
KEYS,Keysight Technologies Inc,45,SUB_INDUSTRY_CODE_XXX,NYSE,STOCK,US,YFINANCE,SP500
KHC,Kraft Heinz Company,30,SUB_INDUSTRY_CODE_XXX,NASDAQ,STOCK,US,YFINANCE,SP500
KIM,Kimco Realty Corporation,60,SUB_INDUSTRY_CODE_XXX,NYSE,STOCK,US,YFINANCE,SP500
KLAC,KLA Corp,45,SUB_INDUSTRY_CODE_XXX,NASDAQ,STOCK,US,YFINANCE,SP500
KMB,Kimberly-Clark Corp,30,SUB_INDUSTRY_CODE_XXX,NYSE,STOCK,US,YFINANCE,SP500
KMI,Kinder Morgan Inc - Class P,10,SUB_INDUSTRY_CODE_XXX,NYSE,STOCK,US,YFINANCE,SP500
KMX,Carmax Inc,25,SUB_INDUSTRY_CODE_XXX,NYSE,STOCK,US,YFINANCE,SP500
KO,Coca-Cola Company,30,SUB_INDUSTRY_CODE_XXX,NYSE,STOCK,US,YFINANCE,SP500
KR,Kroger Company,30,SUB_INDUSTRY_CODE_XXX,NYSE,STOCK,US,YFINANCE,SP500
L,Loews Corp,40,SUB_INDUSTRY_CODE_XXX,NYSE,STOCK,US,YFINANCE,SP500
LDOS,Leidos Holdings Inc,20,SUB_INDUSTRY_CODE_XXX,NYSE,STOCK,US,YFINANCE,SP500
LEN,Lennar Corp - Class A,25,SUB_INDUSTRY_CODE_XXX,NYSE,STOCK,US,YFINANCE,SP500
LH,Laboratory Corp Of America Holdings,35,SUB_INDUSTRY_CODE_XXX,NYSE,STOCK,US,YFINANCE,SP500
LHX,L3Harris Technologies Inc,20,SUB_INDUSTRY_CODE_XXX,NYSE,STOCK,US,YFINANCE,SP500
LIN,Linde Plc.,15,SUB_INDUSTRY_CODE_XXX,NASDAQ,STOCK,US,YFINANCE,SP500
LKQ,LKQ Corp,25,SUB_INDUSTRY_CODE_XXX,NASDAQ,STOCK,US,YFINANCE,SP500
LLY,Lilly(Eli) & Company,35,SUB_INDUSTRY_CODE_XXX,NYSE,STOCK,US,YFINANCE,SP500
LMT,Lockheed Martin Corp,20,SUB_INDUSTRY_CODE_XXX,NYSE,STOCK,US,YFINANCE,SP500
LNC,Lincoln National Corp,SECTOR_CODE_XXX,SUB_INDUSTRY_CODE_XXX,NYSE,STOCK,US,YFINANCE,SP500
LNT,Alliant Energy Corp,55,SUB_INDUSTRY_CODE_XXX,NASDAQ,STOCK,US,YFINANCE,SP500
LOW,Lowe`s Cos. Inc,25,SUB_INDUSTRY_CODE_XXX,NYSE,STOCK,US,YFINANCE,SP500
LRCX,Lam Research Corp,45,SUB_INDUSTRY_CODE_XXX,NASDAQ,STOCK,US,YFINANCE,SP500
LUV,Southwest Airlines Company,20,SUB_INDUSTRY_CODE_XXX,NYSE,STOCK,US,YFINANCE,SP500
LVS,Las Vegas Sands Corp,25,SUB_INDUSTRY_CODE_XXX,NYSE,STOCK,US,YFINANCE,SP500
LW,Lamb Weston Holdings Inc,30,SUB_INDUSTRY_CODE_XXX,NYSE,STOCK,US,YFINANCE,SP500
LYB,LyondellBasell Industries NV - Class A,15,SUB_INDUSTRY_CODE_XXX,NYSE,STOCK,US,YFINANCE,SP500
LYV,Live Nation Entertainment Inc,SECTOR_CODE_XXX,SUB_INDUSTRY_CODE_XXX,NYSE,STOCK,US,YFINANCE,SP500
MA,Mastercard Incorporated - Class A,40,SUB_INDUSTRY_CODE_XXX,NYSE,STOCK,US,YFINANCE,SP500
MAA,Mid-America Apartment Communities Inc,60,SUB_INDUSTRY_CODE_XXX,NYSE,STOCK,US,YFINANCE,SP500
MAR,Marriott International Inc - Class A,25,SUB_INDUSTRY_CODE_XXX,NASDAQ,STOCK,US,YFINANCE,SP500
MAS,Masco Corp,20,SUB_INDUSTRY_CODE_XXX,NYSE,STOCK,US,YFINANCE,SP500
MCD,McDonald`s Corp,25,SUB_INDUSTRY_CODE_XXX,NYSE,STOCK,US,YFINANCE,SP500
MCHP,Microchip Technology Inc,45,SUB_INDUSTRY_CODE_XXX,NASDAQ,STOCK,US,YFINANCE,SP500
MCK,Mckesson Corporation,35,SUB_INDUSTRY_CODE_XXX,NYSE,STOCK,US,YFINANCE,SP500
MCO,Moody`s Corp,40,SUB_INDUSTRY_CODE_XXX,NYSE,STOCK,US,YFINANCE,SP500
MDLZ,Mondelez International Inc - Class A,30,SUB_INDUSTRY_CODE_XXX,NASDAQ,STOCK,US,YFINANCE,SP500
MDT,Medtronic Plc,35,SUB_INDUSTRY_CODE_XXX,NYSE,STOCK,US,YFINANCE,SP500
MET,Metlife Inc,40,SUB_INDUSTRY_CODE_XXX,NYSE,STOCK,US,YFINANCE,SP500
META,Meta Platforms Inc - Class A,SECTOR_CODE_XXX,SUB_INDUSTRY_CODE_XXX,NASDAQ,STOCK,US,YFINANCE,SP500
MGM,MGM Resorts International,25,SUB_INDUSTRY_CODE_XXX,NYSE,STOCK,US,YFINANCE,SP500
MHK,Mohawk Industries Inc,25,SUB_INDUSTRY_CODE_XXX,NYSE,STOCK,US,YFINANCE,SP500
MKC,McCormick & Co. Inc (Non Voting),30,SUB_INDUSTRY_CODE_XXX,NYSE,STOCK,US,YFINANCE,SP500
MKTX,MarketAxess Holdings Inc,40,SUB_INDUSTRY_CODE_XXX,NASDAQ,STOCK,US,YFINANCE,SP500
MLM,Martin Marietta Materials Inc,15,SUB_INDUSTRY_CODE_XXX,NYSE,STOCK,US,YFINANCE,SP500
MMC,Marsh & McLennan Cos. Inc,40,SUB_INDUSTRY_CODE_XXX,NYSE,STOCK,US,YFINANCE,SP500
MMM,3M Company,20,SUB_INDUSTRY_CODE_XXX,NYSE,STOCK,US,YFINANCE,SP500
MNST,Monster Beverage Corp,30,SUB_INDUSTRY_CODE_XXX,NASDAQ,STOCK,US,YFINANCE,SP500
MO,Altria Group Inc,30,SUB_INDUSTRY_CODE_XXX,NYSE,STOCK,US,YFINANCE,SP500
MOH,Molina Healthcare Inc,35,SUB_INDUSTRY_CODE_XXX,NYSE,STOCK,US,YFINANCE,SP500
MOS,Mosaic Company,15,SUB_INDUSTRY_CODE_XXX,NYSE,STOCK,US,YFINANCE,SP500
MPC,Marathon Petroleum Corp,10,SUB_INDUSTRY_CODE_XXX,NYSE,STOCK,US,YFINANCE,SP500
MPWR,Monolithic Power System Inc,45,SUB_INDUSTRY_CODE_XXX,NASDAQ,STOCK,US,YFINANCE,SP500
MRK,Merck & Co Inc,35,SUB_INDUSTRY_CODE_XXX,NYSE,STOCK,US,YFINANCE,SP500
MRNA,Moderna Inc,35,SUB_INDUSTRY_CODE_XXX,NASDAQ,STOCK,US,YFINANCE,SP500
MRO,Marathon Oil Corporation,SECTOR_CODE_XXX,SUB_INDUSTRY_CODE_XXX,NYSE,STOCK,US,YFINANCE,SP500
MS,Morgan Stanley,40,SUB_INDUSTRY_CODE_XXX,NYSE,STOCK,US,YFINANCE,SP500
MSCI,MSCI Inc,40,SUB_INDUSTRY_CODE_XXX,NYSE,STOCK,US,YFINANCE,SP500
MSFT,Microsoft Corporation,45,SUB_INDUSTRY_CODE_XXX,NASDAQ,STOCK,US,YFINANCE,SP500
MSI,Motorola Solutions Inc,45,SUB_INDUSTRY_CODE_XXX,NYSE,STOCK,US,YFINANCE,SP500
MTB,M & T Bank Corp,40,SUB_INDUSTRY_CODE_XXX,NYSE,STOCK,US,YFINANCE,SP500
MTCH,Match Group Inc - New,SECTOR_CODE_XXX,SUB_INDUSTRY_CODE_XXX,NASDAQ,STOCK,US,YFINANCE,SP500
MTD,Mettler-Toledo International Inc,35,SUB_INDUSTRY_CODE_XXX,NYSE,STOCK,US,YFINANCE,SP500
MU,Micron Technology Inc,45,SUB_INDUSTRY_CODE_XXX,NASDAQ,STOCK,US,YFINANCE,SP500
NCLH,Norwegian Cruise Line Holdings Ltd,25,SUB_INDUSTRY_CODE_XXX,NYSE,STOCK,US,YFINANCE,SP500
NDAQ,Nasdaq Inc - 144A,40,SUB_INDUSTRY_CODE_XXX,NASDAQ,STOCK,US,YFINANCE,SP500
NDSN,Nordson Corp,20,SUB_INDUSTRY_CODE_XXX,NASDAQ,STOCK,US,YFINANCE,SP500
NEE,NextEra Energy Inc,55,SUB_INDUSTRY_CODE_XXX,NYSE,STOCK,US,YFINANCE,SP500
NEM,Newmont Corp,15,SUB_INDUSTRY_CODE_XXX,NYSE,STOCK,US,YFINANCE,SP500
NFLX,Netflix Inc,SECTOR_CODE_XXX,SUB_INDUSTRY_CODE_XXX,NASDAQ,STOCK,US,YFINANCE,SP500
NI,NiSource Inc,55,SUB_INDUSTRY_CODE_XXX,NYSE,STOCK,US,YFINANCE,SP500
NKE,Nike Inc - Class B,25,SUB_INDUSTRY_CODE_XXX,NYSE,STOCK,US,YFINANCE,SP500
NOC,Northrop Grumman Corp,20,SUB_INDUSTRY_CODE_XXX,NYSE,STOCK,US,YFINANCE,SP500
NOW,ServiceNow Inc,45,SUB_INDUSTRY_CODE_XXX,NYSE,STOCK,US,YFINANCE,SP500
NRG,NRG Energy Inc,55,SUB_INDUSTRY_CODE_XXX,NYSE,STOCK,US,YFINANCE,SP500
NSC,Norfolk Southern Corp,20,SUB_INDUSTRY_CODE_XXX,NYSE,STOCK,US,YFINANCE,SP500
NTAP,Netapp Inc,45,SUB_INDUSTRY_CODE_XXX,NASDAQ,STOCK,US,YFINANCE,SP500
NTRS,Northern Trust Corp,40,SUB_INDUSTRY_CODE_XXX,NASDAQ,STOCK,US,YFINANCE,SP500
NUE,Nucor Corp,15,SUB_INDUSTRY_CODE_XXX,NYSE,STOCK,US,YFINANCE,SP500
NVDA,NVIDIA Corp,45,SUB_INDUSTRY_CODE_XXX,NASDAQ,STOCK,US,YFINANCE,SP500
NVR,NVR Inc,25,SUB_INDUSTRY_CODE_XXX,NYSE,STOCK,US,YFINANCE,SP500
NWL,Newell Brands Inc,SECTOR_CODE_XXX,SUB_INDUSTRY_CODE_XXX,NASDAQ,STOCK,US,YFINANCE,SP500
NWS,News Corp - Class B,SECTOR_CODE_XXX,SUB_INDUSTRY_CODE_XXX,NASDAQ,STOCK,US,YFINANCE,SP500
NWSA,News Corp - Class A,,SUB_INDUSTRY_CODE_XXX,NASDAQ,STOCK,US,YFINANCE,SP500
NXPI,NXP Semiconductors NV,45,SUB_INDUSTRY_CODE_XXX,NASDAQ,STOCK,US,YFINANCE,SP500
O,Realty Income Corp,60,SUB_INDUSTRY_CODE_XXX,NYSE,STOCK,US,YFINANCE,SP500
ODFL,Old Dominion Freight Line Inc,20,SUB_INDUSTRY_CODE_XXX,NASDAQ,STOCK,US,YFINANCE,SP500
OGN,Organon & Company,SECTOR_CODE_XXX,SUB_INDUSTRY_CODE_XXX,NYSE,STOCK,US,YFINANCE,SP500
OKE,Oneok Inc,10,SUB_INDUSTRY_CODE_XXX,NYSE,STOCK,US,YFINANCE,SP500
OMC,Omnicom Group Inc,SECTOR_CODE_XXX,SUB_INDUSTRY_CODE_XXX,NYSE,STOCK,US,YFINANCE,SP500
ON,ON Semiconductor Corp,45,SUB_INDUSTRY_CODE_XXX,NASDAQ,STOCK,US,YFINANCE,SP500
ORCL,Oracle Corp,45,SUB_INDUSTRY_CODE_XXX,NYSE,STOCK,US,YFINANCE,SP500
ORLY,O`Reilly Automotive Inc,25,SUB_INDUSTRY_CODE_XXX,NASDAQ,STOCK,US,YFINANCE,SP500
OTIS,Otis Worldwide Corp,20,SUB_INDUSTRY_CODE_XXX,NYSE,STOCK,US,YFINANCE,SP500
OXY,Occidental Petroleum Corp,10,SUB_INDUSTRY_CODE_XXX,NYSE,STOCK,US,YFINANCE,SP500
PARA,Paramount Global - Class B,SECTOR_CODE_XXX,SUB_INDUSTRY_CODE_XXX,NASDAQ,STOCK,US,YFINANCE,SP500
PAYC,Paycom Software Inc,20,SUB_INDUSTRY_CODE_XXX,NYSE,STOCK,US,YFINANCE,SP500
PAYX,Paychex Inc,20,SUB_INDUSTRY_CODE_XXX,NASDAQ,STOCK,US,YFINANCE,SP500
PCAR,Paccar Inc,20,SUB_INDUSTRY_CODE_XXX,NASDAQ,STOCK,US,YFINANCE,SP500
PCG,PG&E Corp,55,SUB_INDUSTRY_CODE_XXX,NYSE,STOCK,US,YFINANCE,SP500
PEAK,Healthpeak OP LLC,SECTOR_CODE_XXX,SUB_INDUSTRY_CODE_XXX,NYSE,STOCK,US,YFINANCE,SP500
PEG,Public Service Enterprise Group Inc,55,SUB_INDUSTRY_CODE_XXX,NYSE,STOCK,US,YFINANCE,SP500
PEP,PepsiCo Inc,30,SUB_INDUSTRY_CODE_XXX,NASDAQ,STOCK,US,YFINANCE,SP500
PFE,Pfizer Inc,35,SUB_INDUSTRY_CODE_XXX,NYSE,STOCK,US,YFINANCE,SP500
PFG,Principal Financial Group Inc,40,SUB_INDUSTRY_CODE_XXX,NASDAQ,STOCK,US,YFINANCE,SP500
PG,Procter & Gamble Company,30,SUB_INDUSTRY_CODE_XXX,NYSE,STOCK,US,YFINANCE,SP500
PGR,Progressive Corp,40,SUB_INDUSTRY_CODE_XXX,NYSE,STOCK,US,YFINANCE,SP500
PH,Parker-Hannifin Corp,20,SUB_INDUSTRY_CODE_XXX,NYSE,STOCK,US,YFINANCE,SP500
PHM,PulteGroup Inc,25,SUB_INDUSTRY_CODE_XXX,NYSE,STOCK,US,YFINANCE,SP500
PKG,Packaging Corp Of America,15,SUB_INDUSTRY_CODE_XXX,NYSE,STOCK,US,YFINANCE,SP500
PLD,Prologis Inc,60,SUB_INDUSTRY_CODE_XXX,NYSE,STOCK,US,YFINANCE,SP500
PM,Philip Morris International Inc,30,SUB_INDUSTRY_CODE_XXX,NYSE,STOCK,US,YFINANCE,SP500
PNC,PNC Financial Services Group Inc,40,SUB_INDUSTRY_CODE_XXX,NYSE,STOCK,US,YFINANCE,SP500
PNR,Pentair plc,20,SUB_INDUSTRY_CODE_XXX,NYSE,STOCK,US,YFINANCE,SP500
PNW,Pinnacle West Capital Corp,55,SUB_INDUSTRY_CODE_XXX,NYSE,STOCK,US,YFINANCE,SP500
PODD,Insulet Corporation,35,SUB_INDUSTRY_CODE_XXX,NASDAQ,STOCK,US,YFINANCE,SP500
POOL,Pool Corporation,25,SUB_INDUSTRY_CODE_XXX,NASDAQ,STOCK,US,YFINANCE,SP500
PPG,PPG Industries Inc,15,SUB_INDUSTRY_CODE_XXX,NYSE,STOCK,US,YFINANCE,SP500
PPL,PPL Corp,55,SUB_INDUSTRY_CODE_XXX,NYSE,STOCK,US,YFINANCE,SP500
PRU,Prudential Financial Inc,40,SUB_INDUSTRY_CODE_XXX,NYSE,STOCK,US,YFINANCE,SP500
PSA,Public Storage.,60,SUB_INDUSTRY_CODE_XXX,NYSE,STOCK,US,YFINANCE,SP500
PSX,Phillips 66,10,SUB_INDUSTRY_CODE_XXX,NYSE,STOCK,US,YFINANCE,SP500
PTC,PTC Inc,45,SUB_INDUSTRY_CODE_XXX,NASDAQ,STOCK,US,YFINANCE,SP500
PWR,Quanta Services Inc,20,SUB_INDUSTRY_CODE_XXX,NYSE,STOCK,US,YFINANCE,SP500
PXD,Pioneer Natural Resources Company,SECTOR_CODE_XXX,SUB_INDUSTRY_CODE_XXX,NYSE,STOCK,US,YFINANCE,SP500
PYPL,PayPal Holdings Inc,40,SUB_INDUSTRY_CODE_XXX,NASDAQ,STOCK,US,YFINANCE,SP500
QCOM,Qualcomm Inc,45,SUB_INDUSTRY_CODE_XXX,NASDAQ,STOCK,US,YFINANCE,SP500
QRVO,Qorvo Inc,45,SUB_INDUSTRY_CODE_XXX,NASDAQ,STOCK,US,YFINANCE,SP500
RCL,Royal Caribbean Group,25,SUB_INDUSTRY_CODE_XXX,NYSE,STOCK,US,YFINANCE,SP500
REG,Regency Centers Corporation,60,SUB_INDUSTRY_CODE_XXX,NASDAQ,STOCK,US,YFINANCE,SP500
REGN,Regeneron Pharmaceuticals Inc,35,SUB_INDUSTRY_CODE_XXX,NASDAQ,STOCK,US,YFINANCE,SP500
RF,Regions Financial Corp,40,SUB_INDUSTRY_CODE_XXX,NYSE,STOCK,US,YFINANCE,SP500
RHI,Robert Half Inc,SECTOR_CODE_XXX,SUB_INDUSTRY_CODE_XXX,NYSE,STOCK,US,YFINANCE,SP500
RJF,Raymond James Financial Inc,40,SUB_INDUSTRY_CODE_XXX,NYSE,STOCK,US,YFINANCE,SP500
RL,Ralph Lauren Corp - Class A,25,SUB_INDUSTRY_CODE_XXX,NYSE,STOCK,US,YFINANCE,SP500
RMD,Resmed Inc,35,SUB_INDUSTRY_CODE_XXX,NYSE,STOCK,US,YFINANCE,SP500
ROK,Rockwell Automation Inc,20,SUB_INDUSTRY_CODE_XXX,NYSE,STOCK,US,YFINANCE,SP500
ROL,Rollins Inc,20,SUB_INDUSTRY_CODE_XXX,NYSE,STOCK,US,YFINANCE,SP500
ROP,Roper Technologies Inc,45,SUB_INDUSTRY_CODE_XXX,NASDAQ,STOCK,US,YFINANCE,SP500
ROST,Ross Stores Inc,25,SUB_INDUSTRY_CODE_XXX,NASDAQ,STOCK,US,YFINANCE,SP500
RSG,Republic Services Inc,20,SUB_INDUSTRY_CODE_XXX,NYSE,STOCK,US,YFINANCE,SP500
RTX,RTX Corp,20,SUB_INDUSTRY_CODE_XXX,NYSE,STOCK,US,YFINANCE,SP500
RVTY,Revvity Inc,35,SUB_INDUSTRY_CODE_XXX,NYSE,STOCK,US,YFINANCE,SP500
SBAC,SBA Communications Corp - Class A,60,SUB_INDUSTRY_CODE_XXX,NASDAQ,STOCK,US,YFINANCE,SP500
SBUX,Starbucks Corp,25,SUB_INDUSTRY_CODE_XXX,NASDAQ,STOCK,US,YFINANCE,SP500
SCHW,Charles Schwab Corp,40,SUB_INDUSTRY_CODE_XXX,NYSE,STOCK,US,YFINANCE,SP500
SEDG,Solaredge Technologies Inc,SECTOR_CODE_XXX,SUB_INDUSTRY_CODE_XXX,NASDAQ,STOCK,US,YFINANCE,SP500
SEE,Sealed Air Corp,SECTOR_CODE_XXX,SUB_INDUSTRY_CODE_XXX,NYSE,STOCK,US,YFINANCE,SP500
SHW,Sherwin-Williams Company,15,SUB_INDUSTRY_CODE_XXX,NYSE,STOCK,US,YFINANCE,SP500
SJM,J.M. Smucker Company,30,SUB_INDUSTRY_CODE_XXX,NYSE,STOCK,US,YFINANCE,SP500
SLB,SLB,10,SUB_INDUSTRY_CODE_XXX,NYSE,STOCK,US,YFINANCE,SP500
SNA,Snap-on Inc,20,SUB_INDUSTRY_CODE_XXX,NYSE,STOCK,US,YFINANCE,SP500
SNPS,Synopsys Inc,45,SUB_INDUSTRY_CODE_XXX,NASDAQ,STOCK,US,YFINANCE,SP500
SO,Southern Company,55,SUB_INDUSTRY_CODE_XXX,NYSE,STOCK,US,YFINANCE,SP500
SPG,Simon Property Group Inc,60,SUB_INDUSTRY_CODE_XXX,NYSE,STOCK,US,YFINANCE,SP500
SPGI,S&P Global Inc,40,SUB_INDUSTRY_CODE_XXX,NYSE,STOCK,US,YFINANCE,SP500
SRE,Sempra,55,SUB_INDUSTRY_CODE_XXX,NYSE,STOCK,US,YFINANCE,SP500
STE,Steris Plc,35,SUB_INDUSTRY_CODE_XXX,NYSE,STOCK,US,YFINANCE,SP500
STLD,Steel Dynamics Inc,15,SUB_INDUSTRY_CODE_XXX,NASDAQ,STOCK,US,YFINANCE,SP500
STT,State Street Corp,40,SUB_INDUSTRY_CODE_XXX,NYSE,STOCK,US,YFINANCE,SP500
STX,Seagate Technology Holdings Plc,45,SUB_INDUSTRY_CODE_XXX,NASDAQ,STOCK,US,YFINANCE,SP500
STZ,Constellation Brands Inc - Class A,30,SUB_INDUSTRY_CODE_XXX,NYSE,STOCK,US,YFINANCE,SP500
SWK,Stanley Black & Decker Inc,20,SUB_INDUSTRY_CODE_XXX,NYSE,STOCK,US,YFINANCE,SP500
SWKS,Skyworks Solutions Inc,45,SUB_INDUSTRY_CODE_XXX,NASDAQ,STOCK,US,YFINANCE,SP500
SYF,Synchrony Financial,40,SUB_INDUSTRY_CODE_XXX,NYSE,STOCK,US,YFINANCE,SP500
SYK,Stryker Corp,35,SUB_INDUSTRY_CODE_XXX,NYSE,STOCK,US,YFINANCE,SP500
SYY,Sysco Corp,30,SUB_INDUSTRY_CODE_XXX,NYSE,STOCK,US,YFINANCE,SP500
T,AT&T Inc,SECTOR_CODE_XXX,SUB_INDUSTRY_CODE_XXX,NYSE,STOCK,US,YFINANCE,SP500
TAP,Molson Coors Beverage Company - Class B,30,SUB_INDUSTRY_CODE_XXX,NYSE,STOCK,US,YFINANCE,SP500
TDG,Transdigm Group Incorporated,20,SUB_INDUSTRY_CODE_XXX,NYSE,STOCK,US,YFINANCE,SP500
TDY,Teledyne Technologies Inc,45,SUB_INDUSTRY_CODE_XXX,NYSE,STOCK,US,YFINANCE,SP500
TECH,Bio-Techne Corp,35,SUB_INDUSTRY_CODE_XXX,NASDAQ,STOCK,US,YFINANCE,SP500
TEL,TE Connectivity Ltd,45,SUB_INDUSTRY_CODE_XXX,NYSE,STOCK,US,YFINANCE,SP500
TER,Teradyne Inc,45,SUB_INDUSTRY_CODE_XXX,NASDAQ,STOCK,US,YFINANCE,SP500
TFC,Truist Financial Corporation,40,SUB_INDUSTRY_CODE_XXX,NYSE,STOCK,US,YFINANCE,SP500
TFX,Teleflex Incorporated,35,SUB_INDUSTRY_CODE_XXX,NYSE,STOCK,US,YFINANCE,SP500
TGT,Target Corp,30,SUB_INDUSTRY_CODE_XXX,NYSE,STOCK,US,YFINANCE,SP500
TJX,TJX Companies Inc,25,SUB_INDUSTRY_CODE_XXX,NYSE,STOCK,US,YFINANCE,SP500
TMO,Thermo Fisher Scientific Inc,35,SUB_INDUSTRY_CODE_XXX,NYSE,STOCK,US,YFINANCE,SP500
TMUS,T-Mobile US Inc,SECTOR_CODE_XXX,SUB_INDUSTRY_CODE_XXX,NASDAQ,STOCK,US,YFINANCE,SP500
TPR,Tapestry Inc,25,SUB_INDUSTRY_CODE_XXX,NYSE,STOCK,US,YFINANCE,SP500
TRGP,Targa Resources Corp,10,SUB_INDUSTRY_CODE_XXX,NYSE,STOCK,US,YFINANCE,SP500
TRMB,Trimble Inc,45,SUB_INDUSTRY_CODE_XXX,NASDAQ,STOCK,US,YFINANCE,SP500
TROW,T. Rowe Price Group Inc,40,SUB_INDUSTRY_CODE_XXX,NASDAQ,STOCK,US,YFINANCE,SP500
TRV,Travelers Companies Inc,40,SUB_INDUSTRY_CODE_XXX,NYSE,STOCK,US,YFINANCE,SP500
TSCO,Tractor Supply Company,25,SUB_INDUSTRY_CODE_XXX,NASDAQ,STOCK,US,YFINANCE,SP500
TSLA,Tesla Inc,25,SUB_INDUSTRY_CODE_XXX,NASDAQ,STOCK,US,YFINANCE,SP500
TSN,Tyson Foods Inc - Class A,30,SUB_INDUSTRY_CODE_XXX,NYSE,STOCK,US,YFINANCE,SP500
TT,Trane Technologies plc - Class A,20,SUB_INDUSTRY_CODE_XXX,NYSE,STOCK,US,YFINANCE,SP500
TTWO,Take-Two Interactive Software Inc,SECTOR_CODE_XXX,SUB_INDUSTRY_CODE_XXX,NASDAQ,STOCK,US,YFINANCE,SP500
TXN,Texas Instruments Inc,45,SUB_INDUSTRY_CODE_XXX,NASDAQ,STOCK,US,YFINANCE,SP500
TXT,Textron Inc,20,SUB_INDUSTRY_CODE_XXX,NYSE,STOCK,US,YFINANCE,SP500
TYL,Tyler Technologies Inc,45,SUB_INDUSTRY_CODE_XXX,NYSE,STOCK,US,YFINANCE,SP500
UAL,United Airlines Holdings Inc,20,SUB_INDUSTRY_CODE_XXX,NASDAQ,STOCK,US,YFINANCE,SP500
UDR,UDR Inc,60,SUB_INDUSTRY_CODE_XXX,NYSE,STOCK,US,YFINANCE,SP500
UHS,Universal Health Services Inc - Class B,35,SUB_INDUSTRY_CODE_XXX,NYSE,STOCK,US,YFINANCE,SP500
ULTA,Ulta Beauty Inc,25,SUB_INDUSTRY_CODE_XXX,NASDAQ,STOCK,US,YFINANCE,SP500
UNH,Unitedhealth Group Inc,35,SUB_INDUSTRY_CODE_XXX,NYSE,STOCK,US,YFINANCE,SP500
UNP,Union Pacific Corp,20,SUB_INDUSTRY_CODE_XXX,NYSE,STOCK,US,YFINANCE,SP500
UPS,United Parcel Service Inc - Class B,20,SUB_INDUSTRY_CODE_XXX,NYSE,STOCK,US,YFINANCE,SP500
URI,United Rentals Inc,20,SUB_INDUSTRY_CODE_XXX,NYSE,STOCK,US,YFINANCE,SP500
USB,U.S. Bancorp.,40,SUB_INDUSTRY_CODE_XXX,NYSE,STOCK,US,YFINANCE,SP500
V,Visa Inc - Class A,40,SUB_INDUSTRY_CODE_XXX,NYSE,STOCK,US,YFINANCE,SP500
VFC,VF Corp,SECTOR_CODE_XXX,SUB_INDUSTRY_CODE_XXX,NYSE,STOCK,US,YFINANCE,SP500
VICI,VICI Properties Inc,60,SUB_INDUSTRY_CODE_XXX,NYSE,STOCK,US,YFINANCE,SP500
VLO,Valero Energy Corp,10,SUB_INDUSTRY_CODE_XXX,NYSE,STOCK,US,YFINANCE,SP500
VMC,Vulcan Materials Company,15,SUB_INDUSTRY_CODE_XXX,NYSE,STOCK,US,YFINANCE,SP500
VRSK,Verisk Analytics Inc,20,SUB_INDUSTRY_CODE_XXX,NASDAQ,STOCK,US,YFINANCE,SP500
VRSN,Verisign Inc,45,SUB_INDUSTRY_CODE_XXX,NASDAQ,STOCK,US,YFINANCE,SP500
VRTX,Vertex Pharmaceuticals Inc,35,SUB_INDUSTRY_CODE_XXX,NASDAQ,STOCK,US,YFINANCE,SP500
VTR,Ventas Inc,60,SUB_INDUSTRY_CODE_XXX,NYSE,STOCK,US,YFINANCE,SP500
VTRS,Viatris Inc,35,SUB_INDUSTRY_CODE_XXX,NASDAQ,STOCK,US,YFINANCE,SP500
VZ,Verizon Communications Inc,SECTOR_CODE_XXX,SUB_INDUSTRY_CODE_XXX,NYSE,STOCK,US,YFINANCE,SP500
WAT,Waters Corp,35,SUB_INDUSTRY_CODE_XXX,NYSE,STOCK,US,YFINANCE,SP500
WBA,Walgreens Boots Alliance Inc,30,SUB_INDUSTRY_CODE_XXX,NASDAQ,STOCK,US,YFINANCE,SP500
WBD,Warner Bros. Discovery Inc - Class A,SECTOR_CODE_XXX,SUB_INDUSTRY_CODE_XXX,NASDAQ,STOCK,US,YFINANCE,SP500
WDC,Western Digital Corp,45,SUB_INDUSTRY_CODE_XXX,NASDAQ,STOCK,US,YFINANCE,SP500
WEC,WEC Energy Group Inc,55,SUB_INDUSTRY_CODE_XXX,NYSE,STOCK,US,YFINANCE,SP500
WELL,Welltower Inc,60,SUB_INDUSTRY_CODE_XXX,NYSE,STOCK,US,YFINANCE,SP500
WFC,Wells Fargo & Company,40,SUB_INDUSTRY_CODE_XXX,NYSE,STOCK,US,YFINANCE,SP500
WHR,Whirlpool Corp,SECTOR_CODE_XXX,SUB_INDUSTRY_CODE_XXX,NYSE,STOCK,US,YFINANCE,SP500
WM,Waste Management Inc,20,SUB_INDUSTRY_CODE_XXX,NYSE,STOCK,US,YFINANCE,SP500
WMB,Williams Cos Inc,10,SUB_INDUSTRY_CODE_XXX,NYSE,STOCK,US,YFINANCE,SP500
WMT,Walmart Inc,30,SUB_INDUSTRY_CODE_XXX,NYSE,STOCK,US,YFINANCE,SP500
WRB,W.R. Berkley Corp,40,SUB_INDUSTRY_CODE_XXX,NYSE,STOCK,US,YFINANCE,SP500
WRK,WestRock Company,SECTOR_CODE_XXX,SUB_INDUSTRY_CODE_XXX,NYSE,STOCK,US,YFINANCE,SP500
WST,West Pharmaceutical Services Inc,35,SUB_INDUSTRY_CODE_XXX,NYSE,STOCK,US,YFINANCE,SP500
WTW,Willis Towers Watson Public Ltd Company,40,SUB_INDUSTRY_CODE_XXX,NASDAQ,STOCK,US,YFINANCE,SP500
WY,Weyerhaeuser Company,60,SUB_INDUSTRY_CODE_XXX,NYSE,STOCK,US,YFINANCE,SP500
WYNN,Wynn Resorts Ltd,25,SUB_INDUSTRY_CODE_XXX,NASDAQ,STOCK,US,YFINANCE,SP500
XEL,Xcel Energy Inc,55,SUB_INDUSTRY_CODE_XXX,NASDAQ,STOCK,US,YFINANCE,SP500
XOM,Exxon Mobil Corp,10,SUB_INDUSTRY_CODE_XXX,NYSE,STOCK,US,YFINANCE,SP500
XRAY,DENTSPLY Sirona Inc,SECTOR_CODE_XXX,SUB_INDUSTRY_CODE_XXX,NASDAQ,STOCK,US,YFINANCE,SP500
XYL,Xylem Inc,20,SUB_INDUSTRY_CODE_XXX,NYSE,STOCK,US,YFINANCE,SP500
YUM,Yum Brands Inc,25,SUB_INDUSTRY_CODE_XXX,NYSE,STOCK,US,YFINANCE,SP500
ZBH,Zimmer Biomet Holdings Inc,35,SUB_INDUSTRY_CODE_XXX,NYSE,STOCK,US,YFINANCE,SP500
ZBRA,Zebra Technologies Corp - Class A,45,SUB_INDUSTRY_CODE_XXX,NASDAQ,STOCK,US,YFINANCE,SP500
ZION,Zions Bancorporation N.A,SECTOR_CODE_XXX,SUB_INDUSTRY_CODE_XXX,NASDAQ,STOCK,US,YFINANCE,SP500
ZTS,Zoetis Inc - Class A,35,SUB_INDUSTRY_CODE_XXX,NYSE,STOCK,US,YFINANCE,SP500
SPY,SPDR S&P 500 ETF Trust (SPY),SECTOR_CODE_XXX,SUB_INDUSTRY_CODE_XXX,NYSE,ETF,US,YFINANCE,BENCHMARK